Data,Hora,Med_Hor
14/01/2020,01:00,23
14/01/2020,02:00,5
14/01/2020,03:00,3
14/01/2020,04:00,18
14/01/2020,05:00,51
14/01/2020,06:00,27
14/01/2020,07:00,49
14/01/2020,08:00,39
14/01/2020,09:00,21
14/01/2020,10:00,22
14/01/2020,11:00,13
14/01/2020,12:00,27
14/01/2020,13:00,33
14/01/2020,14:00,29
14/01/2020,15:00,52
14/01/2020,16:00,49
14/01/2020,17:00,44
14/01/2020,19:00,48
14/01/2020,20:00,61
14/01/2020,21:00,56
14/01/2020,22:00,44
14/01/2020,23:00,36
14/01/2020,24:00:00,10
15/01/2020,01:00,7
15/01/2020,02:00,2
15/01/2020,03:00,2
15/01/2020,04:00,2
15/01/2020,05:00,8
15/01/2020,06:00,5
15/01/2020,07:00,11
15/01/2020,08:00,10
15/01/2020,09:00,13
15/01/2020,10:00,13
15/01/2020,11:00,9
15/01/2020,12:00,15
15/01/2020,13:00,19
15/01/2020,14:00,13
15/01/2020,15:00,25
15/01/2020,17:00,18
15/01/2020,18:00,16
15/01/2020,19:00,22
15/01/2020,20:00,2
15/01/2020,21:00,18
15/01/2020,22:00,6
15/01/2020,23:00,3
15/01/2020,24:00:00,3
16/01/2020,01:00,10
16/01/2020,02:00,22
16/01/2020,03:00,25
16/01/2020,04:00,33
16/01/2020,05:00,77
16/01/2020,06:00,122
16/01/2020,07:00,89
16/01/2020,08:00,84
16/01/2020,09:00,51
16/01/2020,10:00,32
16/01/2020,11:00,25
16/01/2020,12:00,21
16/01/2020,13:00,41
16/01/2020,14:00,23
16/01/2020,15:00,38
16/01/2020,16:00,53
16/01/2020,17:00,27
16/01/2020,24:00:00,36
17/01/2020,01:00,35
17/01/2020,02:00,16
17/01/2020,03:00,13
17/01/2020,04:00,15
17/01/2020,05:00,25
17/01/2020,06:00,30
17/01/2020,07:00,82
17/01/2020,08:00,87
17/01/2020,09:00,58
17/01/2020,10:00,57
17/01/2020,11:00,70
17/01/2020,12:00,67
17/01/2020,13:00,57
17/01/2020,14:00,62
17/01/2020,15:00,76
17/01/2020,16:00,79
17/01/2020,17:00,64
17/01/2020,18:00,61
17/01/2020,19:00,61
17/01/2020,20:00,41
17/01/2020,21:00,15
17/01/2020,22:00,67
17/01/2020,23:00,71
17/01/2020,24:00:00,32
18/01/2020,01:00,18
18/01/2020,02:00,23
18/01/2020,03:00,18
18/01/2020,04:00,10
18/01/2020,05:00,21
18/01/2020,06:00,35
18/01/2020,07:00,26
18/01/2020,08:00,22
18/01/2020,09:00,34
18/01/2020,10:00,46
18/01/2020,11:00,44
18/01/2020,12:00,36
18/01/2020,13:00,53
18/01/2020,14:00,43
18/01/2020,15:00,83
18/01/2020,16:00,55
18/01/2020,17:00,48
18/01/2020,18:00,49
18/01/2020,19:00,38
18/01/2020,20:00,29
18/01/2020,21:00,26
18/01/2020,22:00,20
18/01/2020,23:00,8
18/01/2020,24:00:00,37
19/01/2020,01:00,19
19/01/2020,02:00,12
19/01/2020,03:00,8
19/01/2020,04:00,3
19/01/2020,05:00,19
19/01/2020,06:00,17
19/01/2020,07:00,9
19/01/2020,08:00,5
19/01/2020,09:00,10
19/01/2020,10:00,5
19/01/2020,11:00,6
19/01/2020,12:00,5
19/01/2020,13:00,31
19/01/2020,14:00,27
19/01/2020,15:00,42
19/01/2020,16:00,34
19/01/2020,17:00,34
19/01/2020,18:00,60
19/01/2020,19:00,62
19/01/2020,20:00,39
19/01/2020,21:00,27
19/01/2020,22:00,14
19/01/2020,23:00,4
19/01/2020,24:00:00,30
20/01/2020,01:00,14
20/01/2020,02:00,4
20/01/2020,03:00,14
20/01/2020,05:00,30
20/01/2020,06:00,8
20/01/2020,07:00,13
20/01/2020,09:00,13
20/01/2020,11:00,31
20/01/2020,12:00,33
20/01/2020,13:00,41
20/01/2020,14:00,45
20/01/2020,15:00,56
20/01/2020,16:00,76
20/01/2020,17:00,46
20/01/2020,18:00,80
20/01/2020,19:00,62
20/01/2020,20:00,27
20/01/2020,21:00,13
20/01/2020,22:00,41
20/01/2020,23:00,31
20/01/2020,24:00:00,14
21/01/2020,01:00,28
21/01/2020,02:00,7
21/01/2020,03:00,3
21/01/2020,04:00,36
21/01/2020,05:00,51
21/01/2020,06:00,69
21/01/2020,07:00,50
21/01/2020,08:00,22
21/01/2020,09:00,24
21/01/2020,10:00,21
21/01/2020,11:00,22
21/01/2020,12:00,35
21/01/2020,13:00,25
21/01/2020,14:00,25
21/01/2020,15:00,28
21/01/2020,16:00,31
21/01/2020,17:00,39
21/01/2020,18:00,49
21/01/2020,19:00,65
21/01/2020,20:00,29
21/01/2020,21:00,21
21/01/2020,22:00,47
21/01/2020,23:00,46
21/01/2020,24:00:00,26
22/01/2020,01:00,33
22/01/2020,02:00,8
22/01/2020,03:00,3
22/01/2020,04:00,8
22/01/2020,05:00,41
22/01/2020,06:00,4
22/01/2020,07:00,12
22/01/2020,08:00,21
22/01/2020,09:00,16
22/01/2020,10:00,14
22/01/2020,11:00,23
22/01/2020,12:00,18
22/01/2020,13:00,18
22/01/2020,14:00,54
22/01/2020,15:00,59
22/01/2020,16:00,50
22/01/2020,17:00,58
22/01/2020,18:00,59
22/01/2020,19:00,56
22/01/2020,20:00,37
22/01/2020,21:00,33
22/01/2020,22:00,81
22/01/2020,23:00,6
22/01/2020,24:00:00,37
23/01/2020,01:00,12
23/01/2020,08:00,61
23/01/2020,09:00,38
23/01/2020,10:00,22
23/01/2020,11:00,92
23/01/2020,12:00,102
23/01/2020,13:00,48
23/01/2020,14:00,84
23/01/2020,15:00,77
23/01/2020,16:00,99
23/01/2020,17:00,78
23/01/2020,19:00,96
23/01/2020,20:00,58
23/01/2020,21:00,27
23/01/2020,22:00,121
23/01/2020,23:00,102
23/01/2020,24:00:00,65
24/01/2020,01:00,31
24/01/2020,08:00,90
24/01/2020,09:00,70
24/01/2020,10:00,60
24/01/2020,11:00,74
24/01/2020,12:00,57
24/01/2020,14:00,40
24/01/2020,16:00,46
24/01/2020,17:00,41
24/01/2020,18:00,46
24/01/2020,19:00,41
24/01/2020,21:00,23
24/01/2020,22:00,58
24/01/2020,23:00,63
24/01/2020,24:00:00,46
25/01/2020,01:00,52
25/01/2020,02:00,35
25/01/2020,03:00,22
25/01/2020,04:00,39
25/01/2020,06:00,65
25/01/2020,07:00,77
25/01/2020,08:00,63
25/01/2020,09:00,30
25/01/2020,10:00,45
25/01/2020,11:00,38
25/01/2020,12:00,27
25/01/2020,13:00,14
25/01/2020,17:00,31
25/01/2020,18:00,43
25/01/2020,19:00,39
25/01/2020,20:00,28
25/01/2020,21:00,25
25/01/2020,22:00,10
25/01/2020,23:00,14
25/01/2020,24:00:00,21
26/01/2020,02:00,18
26/01/2020,10:00,23
26/01/2020,11:00,17
26/01/2020,12:00,11
26/01/2020,13:00,12
26/01/2020,14:00,12
26/01/2020,15:00,17
26/01/2020,16:00,15
26/01/2020,17:00,17
26/01/2020,18:00,34
26/01/2020,19:00,16
26/01/2020,20:00,6
26/01/2020,21:00,1
26/01/2020,22:00,2
26/01/2020,23:00,5
26/01/2020,24:00:00,7
27/01/2020,01:00,24
27/01/2020,02:00,131
27/01/2020,03:00,193
27/01/2020,04:00,248
27/01/2020,05:00,146
27/01/2020,06:00,54
27/01/2020,07:00,44
27/01/2020,08:00,36
27/01/2020,10:00,36
27/01/2020,11:00,26
27/01/2020,12:00,17
27/01/2020,13:00,6
27/01/2020,14:00,13
27/01/2020,15:00,16
27/01/2020,18:00,24
27/01/2020,19:00,25
27/01/2020,21:00,5
27/01/2020,22:00,9
27/01/2020,23:00,16
27/01/2020,24:00:00,4
28/01/2020,01:00,11
28/01/2020,02:00,6
28/01/2020,03:00,2
28/01/2020,04:00,7
28/01/2020,05:00,16
28/01/2020,06:00,104
28/01/2020,07:00,136
28/01/2020,08:00,32
28/01/2020,09:00,12
28/01/2020,10:00,20
28/01/2020,14:00,19
28/01/2020,15:00,20
28/01/2020,16:00,26
28/01/2020,17:00,21
28/01/2020,18:00,21
28/01/2020,19:00,30
28/01/2020,20:00,18
28/01/2020,21:00,30
28/01/2020,22:00,6
28/01/2020,23:00,10
28/01/2020,24:00:00,13
29/01/2020,01:00,4
29/01/2020,02:00,3
29/01/2020,03:00,4
29/01/2020,04:00,3
29/01/2020,05:00,10
29/01/2020,06:00,4
29/01/2020,07:00,7
29/01/2020,08:00,13
29/01/2020,09:00,19
29/01/2020,10:00,13
29/01/2020,11:00,17
29/01/2020,12:00,13
29/01/2020,13:00,13
29/01/2020,14:00,13
29/01/2020,15:00,12
29/01/2020,16:00,18
29/01/2020,17:00,17
29/01/2020,18:00,17
29/01/2020,19:00,14
29/01/2020,20:00,13
29/01/2020,21:00,17
29/01/2020,22:00,42
29/01/2020,23:00,5
29/01/2020,24:00:00,13
30/01/2020,01:00,23
30/01/2020,02:00,22
30/01/2020,03:00,27
30/01/2020,04:00,17
30/01/2020,05:00,22
30/01/2020,06:00,16
30/01/2020,07:00,31
30/01/2020,08:00,24
30/01/2020,09:00,21
30/01/2020,10:00,18
30/01/2020,11:00,24
30/01/2020,12:00,18
30/01/2020,13:00,10
30/01/2020,14:00,14
30/01/2020,15:00,24
30/01/2020,16:00,33
30/01/2020,17:00,16
30/01/2020,18:00,27
30/01/2020,19:00,45
30/01/2020,20:00,30
30/01/2020,21:00,19
30/01/2020,22:00,59
30/01/2020,23:00,34
30/01/2020,24:00:00,28
31/01/2020,01:00,14
31/01/2020,02:00,12
31/01/2020,03:00,44
31/01/2020,04:00,18
31/01/2020,05:00,28
31/01/2020,06:00,12
31/01/2020,07:00,55
31/01/2020,08:00,43
31/01/2020,09:00,28
31/01/2020,10:00,31
31/01/2020,11:00,34
31/01/2020,12:00,26
31/01/2020,13:00,18
31/01/2020,14:00,17
31/01/2020,15:00,23
31/01/2020,16:00,26
31/01/2020,17:00,23
31/01/2020,18:00,34
31/01/2020,19:00,34
31/01/2020,20:00,18
31/01/2020,21:00,16
31/01/2020,22:00,49
31/01/2020,23:00,53
31/01/2020,24:00:00,27
01/02/2020,01:00,28
01/02/2020,02:00,29
01/02/2020,03:00,37
01/02/2020,04:00,24
01/02/2020,05:00,35
01/02/2020,06:00,20
01/02/2020,07:00,25
01/02/2020,08:00,47
01/02/2020,09:00,59
01/02/2020,10:00,41
01/02/2020,11:00,31
01/02/2020,12:00,13
01/02/2020,13:00,10
01/02/2020,14:00,17
01/02/2020,15:00,36
01/02/2020,16:00,37
01/02/2020,17:00,42
01/02/2020,18:00,46
01/02/2020,19:00,38
01/02/2020,20:00,30
01/02/2020,21:00,33
01/02/2020,22:00,34
01/02/2020,23:00,5
01/02/2020,24:00:00,2
02/02/2020,01:00,17
02/02/2020,02:00,29
02/02/2020,03:00,4
02/02/2020,04:00,6
02/02/2020,05:00,23
02/02/2020,06:00,35
02/02/2020,07:00,33
02/02/2020,08:00,73
02/02/2020,09:00,65
02/02/2020,10:00,14
02/02/2020,11:00,4
02/02/2020,12:00,5
02/02/2020,13:00,7
02/02/2020,14:00,4
02/02/2020,15:00,24
02/02/2020,16:00,25
02/02/2020,17:00,30
02/02/2020,18:00,29
02/02/2020,19:00,6
02/02/2020,20:00,36
02/02/2020,21:00,57
02/02/2020,22:00,40
02/02/2020,23:00,39
02/02/2020,24:00:00,3
03/02/2020,01:00,9
03/02/2020,02:00,35
03/02/2020,03:00,35
03/02/2020,04:00,32
03/02/2020,05:00,46
03/02/2020,06:00,4
03/02/2020,07:00,13
03/02/2020,08:00,26
03/02/2020,09:00,21
03/02/2020,10:00,24
03/02/2020,11:00,59
03/02/2020,12:00,66
03/02/2020,13:00,52
03/02/2020,14:00,36
03/02/2020,15:00,41
03/02/2020,16:00,33
03/02/2020,17:00,39
03/02/2020,18:00,38
03/02/2020,19:00,47
03/02/2020,20:00,55
03/02/2020,21:00,40
03/02/2020,22:00,78
03/02/2020,23:00,85
03/02/2020,24:00:00,64
04/02/2020,08:00,79
04/02/2020,09:00,50
04/02/2020,10:00,60
04/02/2020,11:00,55
04/02/2020,12:00,50
04/02/2020,13:00,33
04/02/2020,14:00,25
04/02/2020,15:00,33
04/02/2020,16:00,43
04/02/2020,17:00,55
04/02/2020,19:00,56
04/02/2020,22:00,102
04/02/2020,23:00,114
04/02/2020,24:00:00,82
05/02/2020,02:00,53
05/02/2020,03:00,38
05/02/2020,04:00,31
05/02/2020,05:00,64
05/02/2020,06:00,107
05/02/2020,07:00,89
05/02/2020,08:00,76
05/02/2020,09:00,56
05/02/2020,10:00,73
05/02/2020,11:00,43
05/02/2020,12:00,34
05/02/2020,13:00,30
05/02/2020,14:00,25
05/02/2020,15:00,20
05/02/2020,16:00,44
05/02/2020,17:00,62
05/02/2020,18:00,65
05/02/2020,19:00,52
05/02/2020,20:00,51
05/02/2020,21:00,26
05/02/2020,22:00,38
05/02/2020,23:00,36
05/02/2020,24:00:00,5
06/02/2020,08:00,24
06/02/2020,09:00,22
06/02/2020,10:00,16
06/02/2020,11:00,13
06/02/2020,12:00,18
06/02/2020,13:00,10
06/02/2020,14:00,16
06/02/2020,15:00,31
06/02/2020,16:00,37
06/02/2020,17:00,49
06/02/2020,18:00,19
06/02/2020,19:00,71
06/02/2020,20:00,24
06/02/2020,21:00,23
06/02/2020,22:00,61
06/02/2020,23:00,108
06/02/2020,24:00:00,31
07/02/2020,01:00,23
07/02/2020,02:00,6
07/02/2020,03:00,3
07/02/2020,04:00,5
07/02/2020,05:00,9
07/02/2020,06:00,4
07/02/2020,07:00,16
07/02/2020,08:00,18
07/02/2020,09:00,12
07/02/2020,10:00,8
07/02/2020,11:00,11
07/02/2020,12:00,10
07/02/2020,13:00,13
07/02/2020,14:00,9
07/02/2020,15:00,21
07/02/2020,16:00,11
07/02/2020,17:00,54
07/02/2020,18:00,44
07/02/2020,19:00,44
07/02/2020,20:00,25
07/02/2020,21:00,16
07/02/2020,22:00,10
07/02/2020,23:00,8
07/02/2020,24:00:00,6
08/02/2020,01:00,9
08/02/2020,02:00,6
08/02/2020,03:00,4
08/02/2020,04:00,5
08/02/2020,05:00,13
08/02/2020,06:00,5
08/02/2020,07:00,9
08/02/2020,08:00,17
08/02/2020,09:00,18
08/02/2020,10:00,23
08/02/2020,11:00,11
08/02/2020,12:00,9
08/02/2020,13:00,10
08/02/2020,14:00,13
08/02/2020,15:00,9
08/02/2020,16:00,20
08/02/2020,17:00,25
08/02/2020,18:00,18
08/02/2020,19:00,30
08/02/2020,20:00,33
08/02/2020,21:00,5
08/02/2020,22:00,6
08/02/2020,23:00,11
08/02/2020,24:00:00,13
09/02/2020,01:00,20
09/02/2020,02:00,32
09/02/2020,03:00,13
09/02/2020,04:00,36
09/02/2020,05:00,18
09/02/2020,06:00,18
09/02/2020,07:00,12
09/02/2020,08:00,7
09/02/2020,09:00,9
09/02/2020,10:00,8
09/02/2020,11:00,7
09/02/2020,12:00,12
09/02/2020,13:00,10
09/02/2020,14:00,7
09/02/2020,15:00,11
09/02/2020,16:00,14
09/02/2020,17:00,15
09/02/2020,18:00,9
09/02/2020,19:00,22
09/02/2020,20:00,8
09/02/2020,21:00,9
09/02/2020,22:00,17
09/02/2020,23:00,21
09/02/2020,24:00:00,19
10/02/2020,01:00,9
10/02/2020,02:00,28
10/02/2020,03:00,26
10/02/2020,04:00,31
10/02/2020,05:00,30
10/02/2020,06:00,26
10/02/2020,07:00,65
10/02/2020,08:00,57
10/02/2020,09:00,40
10/02/2020,10:00,27
10/02/2020,11:00,26
10/02/2020,12:00,58
10/02/2020,13:00,55
10/02/2020,14:00,37
10/02/2020,15:00,37
10/02/2020,16:00,42
10/02/2020,17:00,38
10/02/2020,18:00,52
10/02/2020,19:00,48
10/02/2020,20:00,46
10/02/2020,21:00,46
10/02/2020,22:00,32
10/02/2020,23:00,37
10/02/2020,24:00:00,18
11/02/2020,01:00,17
11/02/2020,02:00,21
11/02/2020,03:00,18
11/02/2020,04:00,17
11/02/2020,05:00,36
11/02/2020,06:00,39
11/02/2020,07:00,127
11/02/2020,08:00,131
11/02/2020,09:00,86
11/02/2020,10:00,80
11/02/2020,11:00,84
11/02/2020,12:00,88
11/02/2020,13:00,69
11/02/2020,14:00,39
11/02/2020,15:00,59
11/02/2020,16:00,50
11/02/2020,17:00,54
11/02/2020,18:00,54
11/02/2020,19:00,62
11/02/2020,20:00,37
11/02/2020,21:00,8
11/02/2020,22:00,32
11/02/2020,23:00,35
11/02/2020,24:00:00,18
12/02/2020,01:00,24
12/02/2020,02:00,19
12/02/2020,03:00,17
12/02/2020,04:00,35
12/02/2020,05:00,56
12/02/2020,06:00,24
12/02/2020,07:00,13
12/02/2020,08:00,60
12/02/2020,09:00,54
12/02/2020,10:00,94
12/02/2020,11:00,125
12/02/2020,12:00,98
12/02/2020,13:00,67
12/02/2020,14:00,63
12/02/2020,15:00,74
12/02/2020,16:00,61
12/02/2020,17:00,79
12/02/2020,18:00,78
12/02/2020,19:00,100
12/02/2020,20:00,77
12/02/2020,21:00,64
12/02/2020,22:00,125
12/02/2020,23:00,74
12/02/2020,24:00:00,62
13/02/2020,01:00,55
13/02/2020,02:00,49
13/02/2020,03:00,41
13/02/2020,04:00,46
13/02/2020,05:00,45
13/02/2020,06:00,67
13/02/2020,07:00,139
13/02/2020,08:00,139
13/02/2020,09:00,79
13/02/2020,10:00,73
13/02/2020,11:00,71
13/02/2020,12:00,81
13/02/2020,13:00,45
13/02/2020,14:00,38
13/02/2020,15:00,50
13/02/2020,16:00,51
13/02/2020,17:00,57
13/02/2020,18:00,65
13/02/2020,19:00,45
13/02/2020,20:00,42
13/02/2020,21:00,40
13/02/2020,22:00,45
13/02/2020,23:00,23
13/02/2020,24:00:00,49
14/02/2020,01:00,24
14/02/2020,02:00,8
14/02/2020,03:00,1
14/02/2020,04:00,31
14/02/2020,05:00,65
14/02/2020,06:00,76
14/02/2020,07:00,135
14/02/2020,08:00,88
14/02/2020,09:00,39
14/02/2020,10:00,24
14/02/2020,11:00,23
14/02/2020,12:00,23
14/02/2020,13:00,41
14/02/2020,14:00,33
14/02/2020,15:00,30
14/02/2020,16:00,35
14/02/2020,17:00,33
14/02/2020,18:00,56
14/02/2020,19:00,33
14/02/2020,20:00,28
14/02/2020,21:00,6
14/02/2020,22:00,31
14/02/2020,23:00,15
14/02/2020,24:00:00,3
15/02/2020,01:00,3
15/02/2020,02:00,7
15/02/2020,03:00,4
15/02/2020,04:00,4
15/02/2020,05:00,10
15/02/2020,06:00,9
15/02/2020,07:00,10
15/02/2020,08:00,10
15/02/2020,09:00,18
15/02/2020,10:00,39
15/02/2020,11:00,12
15/02/2020,12:00,18
15/02/2020,13:00,10
15/02/2020,14:00,10
15/02/2020,15:00,22
15/02/2020,16:00,18
15/02/2020,17:00,26
15/02/2020,18:00,34
15/02/2020,19:00,25
15/02/2020,20:00,21
15/02/2020,21:00,8
15/02/2020,22:00,31
15/02/2020,23:00,2
15/02/2020,24:00:00,2
16/02/2020,01:00,13
16/02/2020,02:00,34
16/02/2020,03:00,35
16/02/2020,04:00,26
16/02/2020,05:00,36
16/02/2020,06:00,51
16/02/2020,07:00,24
16/02/2020,08:00,9
16/02/2020,09:00,7
16/02/2020,10:00,10
16/02/2020,11:00,13
16/02/2020,12:00,7
16/02/2020,13:00,14
16/02/2020,14:00,13
16/02/2020,15:00,21
16/02/2020,16:00,21
16/02/2020,17:00,29
16/02/2020,18:00,32
16/02/2020,19:00,33
16/02/2020,20:00,41
16/02/2020,21:00,15
16/02/2020,22:00,40
16/02/2020,23:00,4
16/02/2020,24:00:00,3
17/02/2020,01:00,1
17/02/2020,02:00,2
17/02/2020,03:00,1
17/02/2020,04:00,2
17/02/2020,05:00,13
17/02/2020,06:00,15
17/02/2020,07:00,26
17/02/2020,08:00,25
17/02/2020,09:00,26
17/02/2020,10:00,21
17/02/2020,11:00,19
17/02/2020,12:00,13
17/02/2020,13:00,11
17/02/2020,14:00,9
17/02/2020,15:00,5
17/02/2020,16:00,15
17/02/2020,17:00,30
17/02/2020,18:00,10
17/02/2020,19:00,16
17/02/2020,20:00,27
17/02/2020,21:00,23
17/02/2020,22:00,19
17/02/2020,23:00,9
17/02/2020,24:00:00,11
18/02/2020,01:00,6
18/02/2020,02:00,6
18/02/2020,03:00,4
18/02/2020,04:00,4
18/02/2020,05:00,11
18/02/2020,06:00,10
18/02/2020,07:00,30
18/02/2020,08:00,92
18/02/2020,09:00,33
18/02/2020,10:00,19
18/02/2020,11:00,19
18/02/2020,12:00,23
18/02/2020,13:00,16
18/02/2020,14:00,9
18/02/2020,15:00,13
18/02/2020,16:00,27
18/02/2020,17:00,20
18/02/2020,18:00,16
18/02/2020,19:00,12
18/02/2020,20:00,32
18/02/2020,21:00,6
18/02/2020,22:00,12
18/02/2020,23:00,13
18/02/2020,24:00:00,13
19/02/2020,01:00,15
19/02/2020,02:00,20
19/02/2020,03:00,30
19/02/2020,04:00,13
19/02/2020,05:00,45
19/02/2020,06:00,52
19/02/2020,07:00,69
19/02/2020,08:00,39
19/02/2020,09:00,21
19/02/2020,10:00,23
19/02/2020,11:00,18
19/02/2020,12:00,17
19/02/2020,13:00,21
19/02/2020,14:00,21
19/02/2020,15:00,13
19/02/2020,16:00,24
19/02/2020,17:00,13
19/02/2020,18:00,27
19/02/2020,19:00,15
19/02/2020,20:00,13
19/02/2020,21:00,5
19/02/2020,22:00,18
20/02/2020,01:00,18
20/02/2020,02:00,23
20/02/2020,03:00,69
20/02/2020,04:00,106
20/02/2020,05:00,127
20/02/2020,06:00,95
20/02/2020,07:00,120
20/02/2020,08:00,94
20/02/2020,09:00,55
20/02/2020,10:00,38
20/02/2020,11:00,27
20/02/2020,12:00,33
20/02/2020,13:00,15
20/02/2020,14:00,9
20/02/2020,15:00,27
20/02/2020,16:00,45
20/02/2020,17:00,40
20/02/2020,18:00,46
20/02/2020,19:00,27
20/02/2020,20:00,3
20/02/2020,21:00,23
20/02/2020,22:00,45
20/02/2020,23:00,92
20/02/2020,24:00:00,50
21/02/2020,01:00,112
21/02/2020,02:00,89
21/02/2020,03:00,54
21/02/2020,04:00,50
21/02/2020,05:00,99
21/02/2020,06:00,66
21/02/2020,07:00,89
21/02/2020,08:00,83
21/02/2020,09:00,73
21/02/2020,10:00,85
21/02/2020,11:00,73
21/02/2020,12:00,61
21/02/2020,13:00,83
21/02/2020,14:00,39
21/02/2020,15:00,54
21/02/2020,16:00,26
21/02/2020,17:00,40
21/02/2020,18:00,34
21/02/2020,19:00,74
21/02/2020,20:00,14
21/02/2020,21:00,14
21/02/2020,22:00,6
21/02/2020,23:00,7
21/02/2020,24:00:00,59
22/02/2020,01:00,12
22/02/2020,02:00,6
22/02/2020,03:00,24
22/02/2020,04:00,54
22/02/2020,05:00,99
22/02/2020,06:00,117
22/02/2020,08:00,41
22/02/2020,09:00,65
22/02/2020,10:00,44
22/02/2020,11:00,55
22/02/2020,12:00,51
22/02/2020,13:00,48
22/02/2020,14:00,50
22/02/2020,15:00,60
22/02/2020,16:00,62
22/02/2020,17:00,54
22/02/2020,18:00,50
22/02/2020,19:00,48
22/02/2020,20:00,35
22/02/2020,21:00,34
22/02/2020,22:00,28
23/02/2020,01:00,14
23/02/2020,02:00,11
23/02/2020,03:00,11
23/02/2020,04:00,9
23/02/2020,05:00,15
23/02/2020,06:00,18
23/02/2020,07:00,17
23/02/2020,08:00,10
23/02/2020,10:00,12
23/02/2020,11:00,17
23/02/2020,12:00,24
23/02/2020,16:00,29
23/02/2020,17:00,31
23/02/2020,18:00,42
23/02/2020,19:00,28
23/02/2020,20:00,13
23/02/2020,21:00,12
23/02/2020,22:00,4
23/02/2020,23:00,6
23/02/2020,24:00:00,3
24/02/2020,01:00,1
24/02/2020,09:00,11
24/02/2020,11:00,14
24/02/2020,12:00,17
24/02/2020,13:00,11
24/02/2020,14:00,16
24/02/2020,15:00,12
24/02/2020,16:00,21
24/02/2020,17:00,15
24/02/2020,18:00,20
24/02/2020,19:00,35
24/02/2020,20:00,21
24/02/2020,21:00,25
24/02/2020,22:00,7
24/02/2020,23:00,6
24/02/2020,24:00:00,7
25/02/2020,01:00,4
25/02/2020,02:00,3
25/02/2020,03:00,5
25/02/2020,04:00,2
25/02/2020,05:00,9
25/02/2020,06:00,7
25/02/2020,07:00,8
25/02/2020,08:00,18
25/02/2020,09:00,18
25/02/2020,10:00,9
25/02/2020,11:00,7
25/02/2020,13:00,9
25/02/2020,14:00,8
25/02/2020,15:00,5
25/02/2020,16:00,9
25/02/2020,17:00,14
25/02/2020,18:00,18
25/02/2020,19:00,24
25/02/2020,20:00,22
25/02/2020,21:00,5
25/02/2020,22:00,5
25/02/2020,23:00,11
25/02/2020,24:00:00,4
26/02/2020,01:00,24
26/02/2020,02:00,4
26/02/2020,03:00,5
26/02/2020,04:00,8
26/02/2020,05:00,17
26/02/2020,06:00,19
26/02/2020,07:00,42
26/02/2020,08:00,23
26/02/2020,09:00,25
26/02/2020,10:00,24
26/02/2020,12:00,30
26/02/2020,15:00,24
26/02/2020,16:00,31
26/02/2020,17:00,25
26/02/2020,18:00,35
26/02/2020,19:00,32
26/02/2020,20:00,15
26/02/2020,21:00,45
26/02/2020,22:00,111
26/02/2020,23:00,66
26/02/2020,24:00:00,36
27/02/2020,01:00,39
27/02/2020,02:00,39
27/02/2020,03:00,20
27/02/2020,04:00,22
27/02/2020,05:00,40
27/02/2020,07:00,145
27/02/2020,08:00,80
27/02/2020,09:00,78
27/02/2020,10:00,80
27/02/2020,12:00,83
27/02/2020,13:00,80
27/02/2020,14:00,84
27/02/2020,15:00,59
27/02/2020,16:00,83
27/02/2020,17:00,91
27/02/2020,18:00,94
27/02/2020,19:00,77
27/02/2020,20:00,62
27/02/2020,21:00,43
27/02/2020,22:00,69
27/02/2020,23:00,17
27/02/2020,24:00:00,40
28/02/2020,01:00,60
28/02/2020,02:00,47
28/02/2020,03:00,32
28/02/2020,04:00,36
28/02/2020,05:00,77
28/02/2020,06:00,55
28/02/2020,07:00,50
28/02/2020,08:00,46
28/02/2020,09:00,28
28/02/2020,10:00,84
28/02/2020,11:00,86
28/02/2020,12:00,116
28/02/2020,13:00,118
28/02/2020,15:00,100
28/02/2020,16:00,106
28/02/2020,17:00,95
28/02/2020,18:00,106
28/02/2020,19:00,96
28/02/2020,20:00,81
28/02/2020,23:00,118
28/02/2020,24:00:00,90
29/02/2020,01:00,56
29/02/2020,02:00,47
29/02/2020,03:00,48
29/02/2020,04:00,50
29/02/2020,05:00,41
29/02/2020,07:00,27
29/02/2020,09:00,24
29/02/2020,12:00,52
29/02/2020,13:00,38
29/02/2020,14:00,30
29/02/2020,15:00,51
29/02/2020,16:00,45
29/02/2020,17:00,43
29/02/2020,18:00,45
29/02/2020,22:00,46
29/02/2020,23:00,32
29/02/2020,24:00:00,30
01/03/2020,01:00,29
01/03/2020,02:00,11
01/03/2020,03:00,7
01/03/2020,04:00,12
01/03/2020,05:00,13
01/03/2020,06:00,25
01/03/2020,07:00,37
01/03/2020,08:00,38
01/03/2020,09:00,44
01/03/2020,10:00,32
01/03/2020,11:00,52
01/03/2020,12:00,34
01/03/2020,13:00,37
01/03/2020,14:00,20
01/03/2020,15:00,30
01/03/2020,16:00,43
01/03/2020,17:00,41
01/03/2020,18:00,35
01/03/2020,19:00,44
01/03/2020,20:00,16
01/03/2020,21:00,12
01/03/2020,22:00,17
01/03/2020,23:00,45
01/03/2020,24:00:00,21
02/03/2020,01:00,20
02/03/2020,02:00,12
02/03/2020,03:00,50
02/03/2020,04:00,45
02/03/2020,05:00,67
02/03/2020,06:00,89
02/03/2020,07:00,125
02/03/2020,08:00,90
02/03/2020,09:00,64
02/03/2020,10:00,79
02/03/2020,11:00,95
02/03/2020,12:00,73
02/03/2020,13:00,74
02/03/2020,14:00,63
02/03/2020,15:00,58
02/03/2020,16:00,69
02/03/2020,17:00,68
02/03/2020,18:00,75
02/03/2020,19:00,75
02/03/2020,20:00,31
02/03/2020,21:00,29
02/03/2020,22:00,91
02/03/2020,23:00,72
02/03/2020,24:00:00,89
03/03/2020,01:00,57
03/03/2020,02:00,40
03/03/2020,03:00,43
03/03/2020,04:00,35
03/03/2020,05:00,67
03/03/2020,08:00,76
03/03/2020,09:00,53
03/03/2020,10:00,66
03/03/2020,11:00,64
03/03/2020,12:00,68
03/03/2020,13:00,56
03/03/2020,14:00,86
03/03/2020,15:00,76
03/03/2020,16:00,61
03/03/2020,17:00,68
03/03/2020,18:00,69
03/03/2020,19:00,57
03/03/2020,20:00,33
03/03/2020,21:00,40
03/03/2020,22:00,109
03/03/2020,23:00,89
03/03/2020,24:00:00,39
04/03/2020,01:00,50
04/03/2020,02:00,57
04/03/2020,03:00,61
04/03/2020,04:00,78
04/03/2020,08:00,111
04/03/2020,09:00,55
04/03/2020,10:00,72
04/03/2020,11:00,50
04/03/2020,12:00,60
04/03/2020,13:00,56
04/03/2020,14:00,42
04/03/2020,15:00,71
04/03/2020,16:00,75
04/03/2020,17:00,59
04/03/2020,18:00,87
04/03/2020,19:00,77
04/03/2020,20:00,53
04/03/2020,21:00,57
05/03/2020,05:00,103
05/03/2020,06:00,103
05/03/2020,07:00,115
05/03/2020,08:00,101
05/03/2020,09:00,60
05/03/2020,10:00,60
05/03/2020,11:00,65
05/03/2020,12:00,65
05/03/2020,14:00,64
05/03/2020,15:00,72
05/03/2020,16:00,69
05/03/2020,17:00,73
05/03/2020,18:00,72
05/03/2020,19:00,65
05/03/2020,20:00,78
05/03/2020,21:00,63
05/03/2020,22:00,112
05/03/2020,23:00,99
05/03/2020,24:00:00,72
06/03/2020,01:00,69
06/03/2020,02:00,87
06/03/2020,03:00,52
06/03/2020,04:00,62
06/03/2020,05:00,72
06/03/2020,06:00,76
06/03/2020,09:00,65
06/03/2020,10:00,66
06/03/2020,11:00,41
06/03/2020,12:00,57
06/03/2020,13:00,60
06/03/2020,14:00,46
06/03/2020,15:00,41
06/03/2020,16:00,64
06/03/2020,17:00,58
06/03/2020,18:00,60
06/03/2020,19:00,75
06/03/2020,20:00,63
06/03/2020,21:00,69
06/03/2020,22:00,156
06/03/2020,23:00,105
06/03/2020,24:00:00,81
07/03/2020,01:00,32
07/03/2020,02:00,7
07/03/2020,03:00,3
07/03/2020,04:00,6
07/03/2020,05:00,9
07/03/2020,06:00,11
07/03/2020,07:00,15
07/03/2020,08:00,14
07/03/2020,11:00,22
07/03/2020,12:00,17
07/03/2020,13:00,17
07/03/2020,14:00,18
07/03/2020,15:00,40
07/03/2020,16:00,36
07/03/2020,17:00,29
07/03/2020,18:00,26
07/03/2020,19:00,46
07/03/2020,20:00,45
07/03/2020,21:00,30
07/03/2020,22:00,35
07/03/2020,23:00,29
07/03/2020,24:00:00,3
08/03/2020,01:00,2
08/03/2020,02:00,3
08/03/2020,03:00,2
08/03/2020,04:00,2
08/03/2020,05:00,10
08/03/2020,06:00,8
08/03/2020,07:00,7
08/03/2020,08:00,6
08/03/2020,09:00,6
08/03/2020,10:00,14
08/03/2020,11:00,10
08/03/2020,12:00,14
08/03/2020,13:00,11
08/03/2020,14:00,18
08/03/2020,15:00,11
08/03/2020,16:00,46
08/03/2020,17:00,44
08/03/2020,18:00,48
08/03/2020,19:00,34
08/03/2020,20:00,58
08/03/2020,21:00,10
08/03/2020,22:00,11
08/03/2020,23:00,4
08/03/2020,24:00:00,6
09/03/2020,01:00,21
09/03/2020,02:00,10
09/03/2020,03:00,9
09/03/2020,04:00,3
09/03/2020,05:00,10
09/03/2020,06:00,3
09/03/2020,07:00,16
09/03/2020,08:00,36
09/03/2020,11:00,18
09/03/2020,12:00,7
09/03/2020,13:00,13
09/03/2020,14:00,24
09/03/2020,15:00,27
09/03/2020,16:00,20
09/03/2020,17:00,31
09/03/2020,18:00,50
09/03/2020,19:00,69
09/03/2020,20:00,55
09/03/2020,21:00,42
09/03/2020,22:00,149
09/03/2020,23:00,65
09/03/2020,24:00:00,28
10/03/2020,01:00,22
10/03/2020,02:00,17
10/03/2020,03:00,2
10/03/2020,04:00,3
10/03/2020,05:00,8
10/03/2020,06:00,4
10/03/2020,07:00,20
10/03/2020,08:00,12
10/03/2020,09:00,11
10/03/2020,10:00,15
10/03/2020,11:00,20
10/03/2020,13:00,13
10/03/2020,14:00,18
10/03/2020,15:00,13
10/03/2020,16:00,19
10/03/2020,17:00,33
10/03/2020,18:00,56
10/03/2020,19:00,51
10/03/2020,20:00,43
10/03/2020,21:00,34
10/03/2020,22:00,51
11/03/2020,01:00,52
11/03/2020,02:00,2
11/03/2020,03:00,4
11/03/2020,04:00,9
11/03/2020,05:00,8
11/03/2020,06:00,11
11/03/2020,07:00,51
11/03/2020,08:00,47
11/03/2020,09:00,16
11/03/2020,10:00,22
11/03/2020,11:00,31
11/03/2020,12:00,13
11/03/2020,13:00,14
11/03/2020,14:00,12
11/03/2020,15:00,30
11/03/2020,16:00,28
11/03/2020,17:00,40
11/03/2020,18:00,55
11/03/2020,19:00,58
11/03/2020,20:00,39
11/03/2020,21:00,47
12/03/2020,08:00,16
12/03/2020,09:00,17
12/03/2020,10:00,23
12/03/2020,11:00,44
12/03/2020,12:00,32
12/03/2020,13:00,19
12/03/2020,14:00,17
12/03/2020,15:00,14
12/03/2020,16:00,30
12/03/2020,17:00,36
12/03/2020,18:00,46
12/03/2020,19:00,54
12/03/2020,20:00,38
12/03/2020,21:00,52
12/03/2020,22:00,98
12/03/2020,23:00,55
12/03/2020,24:00:00,11
13/03/2020,01:00,2
13/03/2020,02:00,5
13/03/2020,03:00,39
13/03/2020,04:00,38
13/03/2020,05:00,10
13/03/2020,06:00,3
13/03/2020,07:00,10
13/03/2020,08:00,18
13/03/2020,09:00,25
13/03/2020,10:00,38
13/03/2020,11:00,21
13/03/2020,12:00,28
13/03/2020,13:00,20
13/03/2020,14:00,17
13/03/2020,15:00,20
13/03/2020,16:00,31
13/03/2020,17:00,29
13/03/2020,18:00,41
13/03/2020,19:00,41
13/03/2020,20:00,17
13/03/2020,21:00,27
13/03/2020,22:00,43
13/03/2020,23:00,18
13/03/2020,24:00:00,12
14/03/2020,01:00,36
14/03/2020,02:00,1
14/03/2020,03:00,7
14/03/2020,04:00,11
14/03/2020,05:00,38
14/03/2020,06:00,35
14/03/2020,07:00,6
14/03/2020,08:00,9
14/03/2020,09:00,11
14/03/2020,10:00,17
14/03/2020,11:00,10
14/03/2020,12:00,13
14/03/2020,13:00,5
14/03/2020,15:00,19
14/03/2020,16:00,14
14/03/2020,17:00,23
14/03/2020,18:00,31
14/03/2020,19:00,35
14/03/2020,20:00,35
14/03/2020,21:00,28
14/03/2020,22:00,25
14/03/2020,23:00,13
14/03/2020,24:00:00,2
15/03/2020,09:00,9
15/03/2020,10:00,6
15/03/2020,11:00,7
15/03/2020,12:00,10
15/03/2020,13:00,10
15/03/2020,14:00,14
15/03/2020,15:00,14
15/03/2020,16:00,10
15/03/2020,17:00,15
15/03/2020,18:00,12
15/03/2020,19:00,1
15/03/2020,20:00,1
15/03/2020,21:00,1
15/03/2020,22:00,2
15/03/2020,23:00,2
15/03/2020,24:00:00,2
16/03/2020,01:00,2
16/03/2020,02:00,18
16/03/2020,03:00,32
16/03/2020,04:00,4
16/03/2020,05:00,43
16/03/2020,06:00,18
16/03/2020,07:00,49
16/03/2020,08:00,53
16/03/2020,09:00,43
16/03/2020,10:00,21
16/03/2020,11:00,24
16/03/2020,12:00,20
16/03/2020,13:00,14
16/03/2020,14:00,20
16/03/2020,15:00,22
16/03/2020,16:00,19
16/03/2020,17:00,22
16/03/2020,18:00,4
16/03/2020,19:00,6
16/03/2020,20:00,3
16/03/2020,21:00,6
16/03/2020,22:00,3
16/03/2020,23:00,6
16/03/2020,24:00:00,26
17/03/2020,02:00,49
17/03/2020,03:00,31
17/03/2020,04:00,63
17/03/2020,05:00,83
17/03/2020,06:00,7
17/03/2020,07:00,19
17/03/2020,08:00,68
17/03/2020,09:00,46
17/03/2020,10:00,16
17/03/2020,11:00,17
17/03/2020,12:00,30
17/03/2020,13:00,17
17/03/2020,14:00,14
17/03/2020,15:00,12
17/03/2020,16:00,18
17/03/2020,17:00,31
17/03/2020,18:00,43
17/03/2020,19:00,27
17/03/2020,20:00,12
17/03/2020,21:00,9
17/03/2020,24:00:00,4
18/03/2020,10:00,32
18/03/2020,11:00,22
18/03/2020,12:00,15
18/03/2020,13:00,14
18/03/2020,14:00,13
18/03/2020,15:00,9
18/03/2020,16:00,12
18/03/2020,17:00,11
18/03/2020,18:00,30
18/03/2020,19:00,34
18/03/2020,20:00,14
18/03/2020,21:00,14
18/03/2020,22:00,29
18/03/2020,23:00,57
18/03/2020,24:00:00,41
19/03/2020,10:00,74
19/03/2020,11:00,60
19/03/2020,12:00,32
19/03/2020,13:00,18
19/03/2020,16:00,23
19/03/2020,20:00,8
19/03/2020,21:00,11
19/03/2020,22:00,22
19/03/2020,24:00:00,70
20/03/2020,01:00,29
20/03/2020,05:00,44
20/03/2020,06:00,35
20/03/2020,07:00,64
20/03/2020,08:00,94
20/03/2020,09:00,90
20/03/2020,10:00,68
20/03/2020,11:00,69
20/03/2020,12:00,28
20/03/2020,13:00,28
20/03/2020,14:00,20
20/03/2020,15:00,36
20/03/2020,16:00,35
20/03/2020,17:00,39
20/03/2020,18:00,42
20/03/2020,19:00,52
20/03/2020,20:00,34
20/03/2020,21:00,24
20/03/2020,22:00,85
20/03/2020,24:00:00,55
21/03/2020,01:00,31
21/03/2020,02:00,27
21/03/2020,06:00,42
21/03/2020,09:00,38
21/03/2020,10:00,35
21/03/2020,11:00,30
21/03/2020,12:00,20
21/03/2020,13:00,6
21/03/2020,14:00,13
21/03/2020,15:00,28
21/03/2020,16:00,24
21/03/2020,17:00,34
21/03/2020,18:00,26
21/03/2020,20:00,22
21/03/2020,23:00,3
21/03/2020,24:00:00,17
22/03/2020,02:00,15
22/03/2020,03:00,23
22/03/2020,04:00,16
22/03/2020,05:00,13
22/03/2020,06:00,22
22/03/2020,07:00,17
22/03/2020,08:00,15
22/03/2020,09:00,21
22/03/2020,10:00,15
22/03/2020,19:00,15
22/03/2020,20:00,21
22/03/2020,21:00,7
22/03/2020,23:00,9
23/03/2020,03:00,5
23/03/2020,04:00,24
23/03/2020,07:00,6
23/03/2020,08:00,10
23/03/2020,09:00,12
23/03/2020,10:00,10
23/03/2020,12:00,20
23/03/2020,13:00,23
23/03/2020,15:00,25
23/03/2020,16:00,22
23/03/2020,17:00,23
23/03/2020,18:00,24
23/03/2020,19:00,17
23/03/2020,20:00,11
23/03/2020,22:00,18
23/03/2020,23:00,14
24/03/2020,01:00,1
24/03/2020,02:00,3
24/03/2020,03:00,3
24/03/2020,05:00,19
24/03/2020,06:00,5
24/03/2020,08:00,16
24/03/2020,09:00,13
24/03/2020,10:00,13
24/03/2020,11:00,10
24/03/2020,12:00,15
24/03/2020,16:00,15
24/03/2020,17:00,14
24/03/2020,18:00,19
24/03/2020,19:00,25
24/03/2020,20:00,15
24/03/2020,21:00,10
24/03/2020,22:00,11
24/03/2020,23:00,9
24/03/2020,24:00:00,3
25/03/2020,01:00,3
25/03/2020,02:00,12
25/03/2020,03:00,53
25/03/2020,04:00,61
25/03/2020,05:00,15
25/03/2020,06:00,3
25/03/2020,07:00,8
25/03/2020,08:00,18
25/03/2020,09:00,14
25/03/2020,10:00,14
25/03/2020,11:00,16
25/03/2020,12:00,11
25/03/2020,13:00,8
25/03/2020,14:00,10
25/03/2020,15:00,9
25/03/2020,16:00,16
25/03/2020,17:00,11
25/03/2020,18:00,15
25/03/2020,19:00,16
25/03/2020,20:00,16
25/03/2020,21:00,17
25/03/2020,22:00,32
25/03/2020,23:00,13
25/03/2020,24:00:00,5
26/03/2020,01:00,2
26/03/2020,02:00,34
26/03/2020,03:00,19
26/03/2020,04:00,63
26/03/2020,05:00,22
26/03/2020,06:00,30
26/03/2020,07:00,14
26/03/2020,08:00,18
26/03/2020,09:00,11
26/03/2020,10:00,11
26/03/2020,11:00,13
26/03/2020,12:00,10
26/03/2020,13:00,12
26/03/2020,14:00,10
26/03/2020,15:00,7
26/03/2020,16:00,7
26/03/2020,17:00,7
26/03/2020,18:00,13
26/03/2020,19:00,14
26/03/2020,20:00,13
26/03/2020,21:00,5
26/03/2020,22:00,27
26/03/2020,23:00,30
26/03/2020,24:00:00,3
27/03/2020,01:00,4
27/03/2020,02:00,2
27/03/2020,03:00,1
27/03/2020,04:00,5
27/03/2020,05:00,10
27/03/2020,06:00,5
27/03/2020,07:00,17
27/03/2020,08:00,13
27/03/2020,09:00,10
27/03/2020,10:00,9
27/03/2020,11:00,5
27/03/2020,12:00,9
27/03/2020,13:00,5
27/03/2020,14:00,9
27/03/2020,15:00,9
27/03/2020,16:00,20
27/03/2020,17:00,16
27/03/2020,18:00,17
27/03/2020,19:00,16
27/03/2020,20:00,10
27/03/2020,21:00,10
27/03/2020,22:00,18
27/03/2020,23:00,16
27/03/2020,24:00:00,9
28/03/2020,01:00,70
28/03/2020,02:00,42
28/03/2020,03:00,33
28/03/2020,04:00,24
28/03/2020,05:00,9
28/03/2020,06:00,5
28/03/2020,07:00,6
28/03/2020,08:00,8
28/03/2020,09:00,10
28/03/2020,10:00,10
28/03/2020,11:00,6
28/03/2020,12:00,3
28/03/2020,13:00,2
28/03/2020,14:00,1
28/03/2020,15:00,8
28/03/2020,16:00,6
28/03/2020,17:00,8
28/03/2020,18:00,11
28/03/2020,19:00,17
28/03/2020,20:00,19
28/03/2020,21:00,30
28/03/2020,22:00,20
28/03/2020,23:00,3
28/03/2020,24:00:00,3
29/03/2020,01:00,17
29/03/2020,02:00,2
29/03/2020,03:00,3
29/03/2020,04:00,2
29/03/2020,05:00,8
29/03/2020,06:00,2
29/03/2020,07:00,3
29/03/2020,08:00,3
29/03/2020,09:00,3
29/03/2020,10:00,3
29/03/2020,11:00,6
29/03/2020,12:00,18
29/03/2020,13:00,12
29/03/2020,14:00,7
29/03/2020,15:00,1
29/03/2020,16:00,4
29/03/2020,17:00,18
29/03/2020,18:00,15
29/03/2020,19:00,23
29/03/2020,20:00,13
29/03/2020,21:00,7
29/03/2020,22:00,2
29/03/2020,23:00,39
29/03/2020,24:00:00,8
30/03/2020,01:00,3
30/03/2020,02:00,4
30/03/2020,03:00,3
30/03/2020,04:00,4
30/03/2020,05:00,15
30/03/2020,06:00,16
30/03/2020,07:00,51
30/03/2020,08:00,44
30/03/2020,09:00,9
30/03/2020,10:00,13
30/03/2020,11:00,9
30/03/2020,12:00,11
30/03/2020,13:00,6
30/03/2020,14:00,5
30/03/2020,15:00,6
30/03/2020,16:00,7
30/03/2020,17:00,7
30/03/2020,18:00,9
30/03/2020,19:00,8
30/03/2020,20:00,8
30/03/2020,21:00,2
30/03/2020,22:00,47
30/03/2020,23:00,5
30/03/2020,24:00:00,2
31/03/2020,01:00,3
31/03/2020,02:00,5
31/03/2020,03:00,4
31/03/2020,04:00,19
31/03/2020,05:00,16
31/03/2020,06:00,8
31/03/2020,07:00,24
31/03/2020,08:00,9
31/03/2020,09:00,15
31/03/2020,10:00,17
31/03/2020,11:00,16
31/03/2020,12:00,13
31/03/2020,13:00,8
31/03/2020,14:00,5
31/03/2020,15:00,4
31/03/2020,16:00,8
31/03/2020,17:00,9
31/03/2020,18:00,10
31/03/2020,19:00,12
31/03/2020,20:00,8
31/03/2020,21:00,9
31/03/2020,22:00,7
31/03/2020,23:00,2
31/03/2020,24:00:00,8
01/04/2020,01:00,21
01/04/2020,02:00,51
01/04/2020,03:00,42
01/04/2020,04:00,9
01/04/2020,05:00,51
01/04/2020,06:00,63
01/04/2020,07:00,54
01/04/2020,08:00,29
01/04/2020,09:00,12
01/04/2020,10:00,19
01/04/2020,11:00,14
01/04/2020,12:00,13
01/04/2020,13:00,6
01/04/2020,14:00,4
01/04/2020,15:00,11
01/04/2020,16:00,10
01/04/2020,17:00,8
01/04/2020,18:00,10
01/04/2020,19:00,15
01/04/2020,20:00,9
01/04/2020,21:00,4
01/04/2020,22:00,28
01/04/2020,23:00,13
01/04/2020,24:00:00,11
02/04/2020,01:00,30
02/04/2020,02:00,2
02/04/2020,03:00,3
02/04/2020,04:00,5
02/04/2020,05:00,10
02/04/2020,06:00,3
02/04/2020,07:00,6
02/04/2020,08:00,12
02/04/2020,09:00,19
02/04/2020,10:00,20
02/04/2020,11:00,15
02/04/2020,12:00,9
02/04/2020,13:00,12
02/04/2020,14:00,12
02/04/2020,15:00,14
02/04/2020,16:00,17
02/04/2020,17:00,8
02/04/2020,18:00,9
02/04/2020,19:00,6
02/04/2020,20:00,8
02/04/2020,21:00,11
02/04/2020,22:00,61
02/04/2020,23:00,89
02/04/2020,24:00:00,55
03/04/2020,01:00,27
03/04/2020,02:00,15
03/04/2020,03:00,10
03/04/2020,04:00,20
03/04/2020,05:00,34
03/04/2020,06:00,10
03/04/2020,07:00,26
03/04/2020,08:00,22
03/04/2020,09:00,27
03/04/2020,10:00,20
03/04/2020,11:00,22
03/04/2020,12:00,30
03/04/2020,13:00,17
03/04/2020,14:00,16
03/04/2020,15:00,20
03/04/2020,16:00,14
03/04/2020,17:00,17
03/04/2020,18:00,17
03/04/2020,19:00,12
03/04/2020,20:00,14
03/04/2020,21:00,13
03/04/2020,22:00,74
03/04/2020,23:00,37
03/04/2020,24:00:00,36
04/04/2020,01:00,30
04/04/2020,02:00,24
04/04/2020,03:00,20
04/04/2020,04:00,22
04/04/2020,05:00,32
04/04/2020,06:00,42
04/04/2020,07:00,52
04/04/2020,08:00,48
04/04/2020,09:00,29
04/04/2020,10:00,14
04/04/2020,11:00,12
04/04/2020,12:00,11
04/04/2020,13:00,9
04/04/2020,14:00,7
04/04/2020,15:00,18
04/04/2020,16:00,20
04/04/2020,17:00,19
04/04/2020,18:00,25
04/04/2020,19:00,20
04/04/2020,20:00,25
04/04/2020,21:00,21
04/04/2020,22:00,23
04/04/2020,23:00,20
04/04/2020,24:00:00,5
05/04/2020,01:00,2
05/04/2020,02:00,14
05/04/2020,03:00,13
05/04/2020,04:00,1
05/04/2020,05:00,10
05/04/2020,06:00,9
05/04/2020,07:00,3
05/04/2020,08:00,6
05/04/2020,09:00,6
05/04/2020,10:00,3
05/04/2020,11:00,4
05/04/2020,12:00,4
05/04/2020,13:00,10
05/04/2020,14:00,5
05/04/2020,15:00,6
05/04/2020,16:00,3
05/04/2020,17:00,4
05/04/2020,18:00,13
05/04/2020,19:00,11
05/04/2020,20:00,27
05/04/2020,21:00,32
05/04/2020,22:00,24
05/04/2020,23:00,13
05/04/2020,24:00:00,6
06/04/2020,01:00,1
06/04/2020,02:00,8
06/04/2020,03:00,3
06/04/2020,04:00,2
06/04/2020,05:00,8
06/04/2020,06:00,1
06/04/2020,07:00,4
06/04/2020,08:00,10
06/04/2020,09:00,15
06/04/2020,10:00,21
06/04/2020,11:00,8
06/04/2020,12:00,14
06/04/2020,13:00,15
06/04/2020,14:00,13
06/04/2020,15:00,7
06/04/2020,16:00,8
06/04/2020,17:00,7
06/04/2020,18:00,9
06/04/2020,19:00,6
06/04/2020,20:00,10
06/04/2020,21:00,32
06/04/2020,22:00,106
06/04/2020,23:00,48
06/04/2020,24:00:00,33
07/04/2020,01:00,31
07/04/2020,02:00,24
07/04/2020,03:00,24
07/04/2020,04:00,11
07/04/2020,05:00,28
07/04/2020,06:00,29
07/04/2020,07:00,36
07/04/2020,08:00,35
07/04/2020,09:00,21
07/04/2020,10:00,34
07/04/2020,11:00,22
07/04/2020,12:00,20
07/04/2020,13:00,19
07/04/2020,14:00,20
07/04/2020,15:00,18
07/04/2020,16:00,23
07/04/2020,17:00,25
07/04/2020,18:00,22
07/04/2020,19:00,13
07/04/2020,20:00,15
07/04/2020,21:00,10
07/04/2020,22:00,60
07/04/2020,23:00,62
07/04/2020,24:00:00,45
08/04/2020,01:00,39
08/04/2020,02:00,27
08/04/2020,03:00,21
08/04/2020,04:00,29
08/04/2020,05:00,55
08/04/2020,06:00,26
08/04/2020,07:00,37
08/04/2020,08:00,44
08/04/2020,09:00,30
08/04/2020,10:00,33
08/04/2020,11:00,39
08/04/2020,12:00,30
08/04/2020,13:00,29
08/04/2020,14:00,30
08/04/2020,15:00,30
08/04/2020,16:00,22
08/04/2020,17:00,28
08/04/2020,18:00,30
08/04/2020,19:00,22
08/04/2020,20:00,13
08/04/2020,21:00,15
08/04/2020,22:00,66
08/04/2020,23:00,80
08/04/2020,24:00:00,99
09/04/2020,01:00,51
09/04/2020,02:00,31
09/04/2020,03:00,23
09/04/2020,04:00,43
09/04/2020,05:00,79
09/04/2020,06:00,27
09/04/2020,07:00,42
09/04/2020,08:00,43
09/04/2020,09:00,35
09/04/2020,10:00,31
09/04/2020,11:00,33
09/04/2020,12:00,26
09/04/2020,13:00,11
09/04/2020,14:00,17
09/04/2020,15:00,22
09/04/2020,16:00,23
09/04/2020,17:00,24
09/04/2020,18:00,25
09/04/2020,19:00,25
09/04/2020,20:00,16
09/04/2020,21:00,10
09/04/2020,22:00,55
09/04/2020,23:00,36
09/04/2020,24:00:00,47
10/04/2020,01:00,57
10/04/2020,02:00,31
10/04/2020,03:00,23
10/04/2020,04:00,22
10/04/2020,05:00,31
10/04/2020,06:00,3
10/04/2020,07:00,3
10/04/2020,08:00,6
10/04/2020,09:00,5
10/04/2020,10:00,17
10/04/2020,11:00,10
10/04/2020,12:00,18
10/04/2020,13:00,11
10/04/2020,14:00,18
10/04/2020,15:00,15
10/04/2020,16:00,9
10/04/2020,17:00,11
10/04/2020,18:00,14
10/04/2020,19:00,13
10/04/2020,20:00,14
10/04/2020,21:00,12
10/04/2020,22:00,20
10/04/2020,23:00,8
10/04/2020,24:00:00,5
11/04/2020,01:00,0
11/04/2020,02:00,1
11/04/2020,03:00,4
11/04/2020,04:00,2
11/04/2020,05:00,9
11/04/2020,06:00,5
11/04/2020,07:00,15
11/04/2020,08:00,12
11/04/2020,09:00,5
11/04/2020,10:00,11
11/04/2020,11:00,7
11/04/2020,12:00,7
11/04/2020,13:00,10
11/04/2020,14:00,9
11/04/2020,15:00,23
11/04/2020,16:00,16
11/04/2020,17:00,16
11/04/2020,18:00,18
11/04/2020,19:00,21
11/04/2020,20:00,18
11/04/2020,21:00,15
11/04/2020,22:00,12
11/04/2020,23:00,4
11/04/2020,24:00:00,29
12/04/2020,01:00,15
12/04/2020,02:00,1
12/04/2020,03:00,2
12/04/2020,04:00,3
12/04/2020,05:00,9
12/04/2020,06:00,10
12/04/2020,07:00,7
12/04/2020,08:00,9
12/04/2020,09:00,7
12/04/2020,10:00,2
12/04/2020,11:00,2
12/04/2020,12:00,11
12/04/2020,13:00,8
12/04/2020,14:00,9
12/04/2020,15:00,6
12/04/2020,16:00,6
12/04/2020,17:00,9
12/04/2020,18:00,14
12/04/2020,19:00,19
12/04/2020,20:00,16
12/04/2020,21:00,21
12/04/2020,22:00,10
12/04/2020,23:00,9
12/04/2020,24:00:00,35
